COUNTRY,Country,COMMODITY,Commodity,VARIABLE,Variable,TIME,Time,Value,Flag Codes,Flags
USA,United States,BV,Beef and veal (cwe),QP,Production,1985,1985,10802.27367,,
USA,United States,BV,Beef and veal (cwe),QP,Production,1986,1986,11034.76051,,
USA,United States,BV,Beef and veal (cwe),QP,Production,1987,1987,10595.64984,,
USA,United States,BV,Beef and veal (cwe),QP,Production,1988,1988,10553.15183,,
USA,United States,BV,Beef and veal (cwe),QP,Production,1989,1989,10327.98262,,
USA,United States,BV,Beef and veal (cwe),QP,Production,1990,1990,9948.398646,,
USA,United States,BV,Beef and veal (cwe),QP,Production,1991,1991,10056.30349,,
USA,United States,BV,Beef and veal (cwe),QP,Production,1992,1992,10021.84775,,
USA,United States,BV,Beef and veal (cwe),QP,Production,1993,1993,9940.646806,,
USA,United States,BV,Beef and veal (cwe),QP,Production,1994,1994,10660.39826,,
USA,United States,BV,Beef and veal (cwe),QP,Production,1995,1995,10899.05456,,
USA,United States,BV,Beef and veal (cwe),QP,Production,1996,1996,11208.18286,,
USA,United States,BV,Beef and veal (cwe),QP,Production,1997,1997,11159.3073,,
USA,United States,BV,Beef and veal (cwe),QP,Production,1998,1998,11235.66796,,
USA,United States,BV,Beef and veal (cwe),QP,Production,1999,1999,11606.23348,,
USA,United States,BV,Beef and veal (cwe),QP,Production,2000,2000,11724.08365,,
USA,United States,BV,Beef and veal (cwe),QP,Production,2001,2001,11317.71072,,
USA,United States,BV,Beef and veal (cwe),QP,Production,2002,2002,11731.29471,,
USA,United States,BV,Beef and veal (cwe),QP,Production,2003,2003,11620.32971,,
USA,United States,BV,Beef and veal (cwe),QP,Production,2004,2004,10984.53877,,
USA,United States,BV,Beef and veal (cwe),QP,Production,2005,2005,10898.44874,,
USA,United States,BV,Beef and veal (cwe),QP,Production,2006,2006,11338.82657,,
USA,United States,BV,Beef and veal (cwe),QP,Production,2007,2007,11456.45335,,
USA,United States,BV,Beef and veal (cwe),QP,Production,2008,2008,11543.91677,,
USA,United States,BV,Beef and veal (cwe),QP,Production,2009,2009,11356.24137,,
USA,United States,BV,Beef and veal (cwe),QP,Production,2010,2010,11441.7601,,
USA,United States,BV,Beef and veal (cwe),QP,Production,2011,2011,11372.40153,,
USA,United States,BV,Beef and veal (cwe),QP,Production,2012,2012,11238.19684,,
USA,United States,BV,Beef and veal (cwe),QP,Production,2013,2013,11241.17445,,
USA,United States,BV,Beef and veal (cwe),QP,Production,2014,2014,10564.93649,,
USA,United States,BV,Beef and veal (cwe),QP,Production,2015,2015,10408.20239,,
USA,United States,BV,Beef and veal (cwe),QP,Production,2016,2016,9970.801811,,
USA,United States,BV,Beef and veal (cwe),QP,Production,2017,2017,9832.218436,,
USA,United States,BV,Beef and veal (cwe),QP,Production,2018,2018,10070.21113,,
USA,United States,BV,Beef and veal (cwe),QP,Production,2019,2019,10307.78223,,
USA,United States,BV,Beef and veal (cwe),QP,Production,2020,2020,10573.6611,,
USA,United States,BV,Beef and veal (cwe),QP,Production,2021,2021,10916.35002,,
USA,United States,BV,Beef and veal (cwe),QP,Production,2022,2022,11192.15118,,
USA,United States,BV,Beef and veal (cwe),QP,Production,2023,2023,11325.57378,,
USA,United States,BV,Beef and veal (cwe),QP,Production,2024,2024,11431.37643,,
USA,United States,BV,Beef and veal (cwe),QC,Consumption,1985,1985,11819.25903,,
USA,United States,BV,Beef and veal (cwe),QC,Consumption,1986,1986,12037.44184,,
USA,United States,BV,Beef and veal (cwe),QC,Consumption,1987,1987,11660.89507,,
USA,United States,BV,Beef and veal (cwe),QC,Consumption,1988,1988,11640.70289,,
USA,United States,BV,Beef and veal (cwe),QC,Consumption,1989,1989,11197.5932,,
USA,United States,BV,Beef and veal (cwe),QC,Consumption,1990,1990,11047.42471,,
USA,United States,BV,Beef and veal (cwe),QC,Consumption,1991,1991,11076.04769,,
USA,United States,BV,Beef and veal (cwe),QC,Consumption,1992,1992,11145.84596,,
USA,United States,BV,Beef and veal (cwe),QC,Consumption,1993,1993,11018.63269,,
USA,United States,BV,Beef and veal (cwe),QC,Consumption,1994,1994,11527.6102,,
USA,United States,BV,Beef and veal (cwe),QC,Consumption,1995,1995,11726.28389,,
USA,United States,BV,Beef and veal (cwe),QC,Consumption,1996,1996,11902.73154,,
USA,United States,BV,Beef and veal (cwe),QC,Consumption,1997,1997,11767.56085,,
USA,United States,BV,Beef and veal (cwe),QC,Consumption,1998,1998,12051.9636,,
USA,United States,BV,Beef and veal (cwe),QC,Consumption,1999,1999,12324.57294,,
USA,United States,BV,Beef and veal (cwe),QC,Consumption,2000,2000,12502.38136,,
USA,United States,BV,Beef and veal (cwe),QC,Consumption,2001,2001,12351.33492,,
USA,United States,BV,Beef and veal (cwe),QC,Consumption,2002,2002,12737.79608,,
USA,United States,BV,Beef and veal (cwe),QC,Consumption,2003,2003,12339.08792,,
USA,United States,BV,Beef and veal (cwe),QC,Consumption,2004,2004,12667.48918,,
USA,United States,BV,Beef and veal (cwe),QC,Consumption,2005,2005,12663.40685,,
USA,United States,BV,Beef and veal (cwe),QC,Consumption,2006,2006,12834.41137,,
USA,United States,BV,Beef and veal (cwe),QC,Consumption,2007,2007,12837.58652,,
USA,United States,BV,Beef and veal (cwe),QC,Consumption,2008,2008,12442.96069,,
USA,United States,BV,Beef and veal (cwe),QC,Consumption,2009,2009,12264.61969,,
USA,United States,BV,Beef and veal (cwe),QC,Consumption,2010,2010,12087.23313,,
USA,United States,BV,Beef and veal (cwe),QC,Consumption,2011,2011,11691.1441,,
USA,United States,BV,Beef and veal (cwe),QC,Consumption,2012,2012,11706.55991,,
USA,United States,BV,Beef and veal (cwe),QC,Consumption,2013,2013,11572.30883,,
USA,United States,BV,Beef and veal (cwe),QC,Consumption,2014,2014,11268.88899,,
USA,United States,BV,Beef and veal (cwe),QC,Consumption,2015,2015,11005.15607,,
USA,United States,BV,Beef and veal (cwe),QC,Consumption,2016,2016,10513.47049,,
USA,United States,BV,Beef and veal (cwe),QC,Consumption,2017,2017,10375.20137,,
USA,United States,BV,Beef and veal (cwe),QC,Consumption,2018,2018,10609.48653,,
USA,United States,BV,Beef and veal (cwe),QC,Consumption,2019,2019,10909.86409,,
USA,United States,BV,Beef and veal (cwe),QC,Consumption,2020,2020,11149.85476,,
USA,United States,BV,Beef and veal (cwe),QC,Consumption,2021,2021,11428.97539,,
USA,United States,BV,Beef and veal (cwe),QC,Consumption,2022,2022,11647.36818,,
USA,United States,BV,Beef and veal (cwe),QC,Consumption,2023,2023,11742.94114,,
USA,United States,BV,Beef and veal (cwe),QC,Consumption,2024,2024,11795.39844,,
USA,United States,PK,Pigmeat (cwe),QP,Production,1985,1985,6631.004977,,
USA,United States,PK,Pigmeat (cwe),QP,Production,1986,1986,6341.759607,,
USA,United States,PK,Pigmeat (cwe),QP,Production,1987,1987,6487.529273,,
USA,United States,PK,Pigmeat (cwe),QP,Production,1988,1988,7055.062696,,
USA,United States,PK,Pigmeat (cwe),QP,Production,1989,1989,7103.415438,,
USA,United States,PK,Pigmeat (cwe),QP,Production,1990,1990,6900.831631,,
USA,United States,PK,Pigmeat (cwe),QP,Production,1991,1991,7197.429667,,
USA,United States,PK,Pigmeat (cwe),QP,Production,1992,1992,7773.438041,,
USA,United States,PK,Pigmeat (cwe),QP,Production,1993,1993,7688.46383,,
USA,United States,PK,Pigmeat (cwe),QP,Production,1994,1994,7965.456545,,
USA,United States,PK,Pigmeat (cwe),QP,Production,1995,1995,7956.168393,,
USA,United States,PK,Pigmeat (cwe),QP,Production,1996,1996,7543.918802,,
USA,United States,PK,Pigmeat (cwe),QP,Production,1997,1997,7640.986066,,
USA,United States,PK,Pigmeat (cwe),QP,Production,1998,1998,8394.336356,,
USA,United States,PK,Pigmeat (cwe),QP,Production,1999,1999,8566.126454,,
USA,United States,PK,Pigmeat (cwe),QP,Production,2000,2000,8387.001537,,
USA,United States,PK,Pigmeat (cwe),QP,Production,2001,2001,8450.525844,,
USA,United States,PK,Pigmeat (cwe),QP,Production,2002,2002,8705.592873,,
USA,United States,PK,Pigmeat (cwe),QP,Production,2003,2003,8765.05381,,
USA,United States,PK,Pigmeat (cwe),QP,Production,2004,2004,8970.766469,,
USA,United States,PK,Pigmeat (cwe),QP,Production,2005,2005,9056.586184,,
USA,United States,PK,Pigmeat (cwe),QP,Production,2006,2006,9204.306891,,
USA,United States,PK,Pigmeat (cwe),QP,Production,2007,2007,9542.870233,,
USA,United States,PK,Pigmeat (cwe),QP,Production,2008,2008,10262.95613,,
USA,United States,PK,Pigmeat (cwe),QP,Production,2009,2009,10248.10998,,
USA,United States,PK,Pigmeat (cwe),QP,Production,2010,2010,10014.04089,,
USA,United States,PK,Pigmeat (cwe),QP,Production,2011,2011,10146.7766,,
USA,United States,PK,Pigmeat (cwe),QP,Production,2012,2012,10382.47189,,
USA,United States,PK,Pigmeat (cwe),QP,Production,2013,2013,10381.51321,,
USA,United States,PK,Pigmeat (cwe),QP,Production,2014,2014,10196.09777,,
USA,United States,PK,Pigmeat (cwe),QP,Production,2015,2015,10687.16527,,
USA,United States,PK,Pigmeat (cwe),QP,Production,2016,2016,10996.65604,,
USA,United States,PK,Pigmeat (cwe),QP,Production,2017,2017,10823.75408,,
USA,United States,PK,Pigmeat (cwe),QP,Production,2018,2018,10938.35721,,
USA,United States,PK,Pigmeat (cwe),QP,Production,2019,2019,11038.56678,,
USA,United States,PK,Pigmeat (cwe),QP,Production,2020,2020,11114.44012,,
USA,United States,PK,Pigmeat (cwe),QP,Production,2021,2021,11217.88513,,
USA,United States,PK,Pigmeat (cwe),QP,Production,2022,2022,11338.82306,,
USA,United States,PK,Pigmeat (cwe),QP,Production,2023,2023,11451.95997,,
USA,United States,PK,Pigmeat (cwe),QP,Production,2024,2024,11583.46511,,
USA,United States,PK,Pigmeat (cwe),QC,Consumption,1985,1985,7196.414348,,
USA,United States,PK,Pigmeat (cwe),QC,Consumption,1986,1986,6865.093758,,
USA,United States,PK,Pigmeat (cwe),QC,Consumption,1987,1987,6963.473977,,
USA,United States,PK,Pigmeat (cwe),QC,Consumption,1988,1988,7506.509058,,
USA,United States,PK,Pigmeat (cwe),QC,Consumption,1989,1989,7516.139289,,
USA,United States,PK,Pigmeat (cwe),QC,Consumption,1990,1990,7271.305713,,
USA,United States,PK,Pigmeat (cwe),QC,Consumption,1991,1991,7438.692382,,
USA,United States,PK,Pigmeat (cwe),QC,Consumption,1992,1992,7927.068157,,
USA,United States,PK,Pigmeat (cwe),QC,Consumption,1993,1993,7901.169363,,
USA,United States,PK,Pigmeat (cwe),QC,Consumption,1994,1994,8087.107982,,
USA,United States,PK,Pigmeat (cwe),QC,Consumption,1995,1995,8059.438815,,
USA,United States,PK,Pigmeat (cwe),QC,Consumption,1996,1996,7618.092914,,
USA,United States,PK,Pigmeat (cwe),QC,Consumption,1997,1997,7629.88633,,
USA,United States,PK,Pigmeat (cwe),QC,Consumption,1998,1998,8304.832579,,
USA,United States,PK,Pigmeat (cwe),QC,Consumption,1999,1999,8597.400005,,
USA,United States,PK,Pigmeat (cwe),QC,Consumption,2000,2000,8456.332611,,
USA,United States,PK,Pigmeat (cwe),QC,Consumption,2001,2001,8387.840081,,
USA,United States,PK,Pigmeat (cwe),QC,Consumption,2002,2002,8684.943437,,
USA,United States,PK,Pigmeat (cwe),QC,Consumption,2003,2003,8815.578195,,
USA,United States,PK,Pigmeat (cwe),QC,Consumption,2004,2004,8816.303944,,
USA,United States,PK,Pigmeat (cwe),QC,Consumption,2005,2005,8669.974871,,
USA,United States,PK,Pigmeat (cwe),QC,Consumption,2006,2006,8640.944925,,
USA,United States,PK,Pigmeat (cwe),QC,Consumption,2007,2007,8966.171041,,
USA,United States,PK,Pigmeat (cwe),QC,Consumption,2008,2008,8814.217416,,
USA,United States,PK,Pigmeat (cwe),QC,Consumption,2009,2009,8998.38,,
USA,United States,PK,Pigmeat (cwe),QC,Consumption,2010,2010,8656.820677,,
USA,United States,PK,Pigmeat (cwe),QC,Consumption,2011,2011,8332.955339,,
USA,United States,PK,Pigmeat (cwe),QC,Consumption,2012,2012,8408.705355,,
USA,United States,PK,Pigmeat (cwe),QC,Consumption,2013,2013,8684.036251,,
USA,United States,PK,Pigmeat (cwe),QC,Consumption,2014,2014,8571.091617,,
USA,United States,PK,Pigmeat (cwe),QC,Consumption,2015,2015,9030.566618,,
USA,United States,PK,Pigmeat (cwe),QC,Consumption,2016,2016,9335.058692,,
USA,United States,PK,Pigmeat (cwe),QC,Consumption,2017,2017,9143.525173,,
USA,United States,PK,Pigmeat (cwe),QC,Consumption,2018,2018,9192.656678,,
USA,United States,PK,Pigmeat (cwe),QC,Consumption,2019,2019,9214.521136,,
USA,United States,PK,Pigmeat (cwe),QC,Consumption,2020,2020,9239.913086,,
USA,United States,PK,Pigmeat (cwe),QC,Consumption,2021,2021,9249.212588,,
USA,United States,PK,Pigmeat (cwe),QC,Consumption,2022,2022,9237.944031,,
USA,United States,PK,Pigmeat (cwe),QC,Consumption,2023,2023,9270.328262,,
USA,United States,PK,Pigmeat (cwe),QC,Consumption,2024,2024,9285.875027,,
USA,United States,PT,Poultry meat (rtc),QP,Production,1985,1985,7648.483639,,
USA,United States,PT,Poultry meat (rtc),QP,Production,1986,1986,8115.230743,,
USA,United States,PT,Poultry meat (rtc),QP,Production,1987,1987,8928.976422,,
USA,United States,PT,Poultry meat (rtc),QP,Production,1988,1988,9271.439069,,
USA,United States,PT,Poultry meat (rtc),QP,Production,1989,1989,9930.509566,,
USA,United States,PT,Poultry meat (rtc),QP,Production,1990,1990,10644.9184,,
USA,United States,PT,Poultry meat (rtc),QP,Production,1991,1991,11204.19846,,
USA,United States,PT,Poultry meat (rtc),QP,Production,1992,1992,11884.58782,,
USA,United States,PT,Poultry meat (rtc),QP,Production,1993,1993,12395.33344,,
USA,United States,PT,Poultry meat (rtc),QP,Production,1994,1994,13204.99678,,
USA,United States,PT,Poultry meat (rtc),QP,Production,1995,1995,13786.0493,,
USA,United States,PT,Poultry meat (rtc),QP,Production,1996,1996,14521.777,,
USA,United States,PT,Poultry meat (rtc),QP,Production,1997,1997,14952.23667,,
USA,United States,PT,Poultry meat (rtc),QP,Production,1998,1998,15128.23072,,
USA,United States,PT,Poultry meat (rtc),QP,Production,1999,1999,15990.05724,,
USA,United States,PT,Poultry meat (rtc),QP,Production,2000,2000,16362.45702,,
USA,United States,PT,Poultry meat (rtc),QP,Production,2001,2001,16756.62926,,
USA,United States,PT,Poultry meat (rtc),QP,Production,2002,2002,17272.3644,,
USA,United States,PT,Poultry meat (rtc),QP,Production,2003,2003,17453.13746,,
USA,United States,PT,Poultry meat (rtc),QP,Production,2004,2004,17955.76843,,
USA,United States,PT,Poultry meat (rtc),QP,Production,2005,2005,18567.37215,,
USA,United States,PT,Poultry meat (rtc),QP,Production,2006,2006,18588.69102,,
USA,United States,PT,Poultry meat (rtc),QP,Production,2007,2007,18878.0833,,
USA,United States,PT,Poultry meat (rtc),QP,Production,2008,2008,19573.44123,,
USA,United States,PT,Poultry meat (rtc),QP,Production,2009,2009,18676.23445,,
USA,United States,PT,Poultry meat (rtc),QP,Production,2010,2010,19302.19267,,
USA,United States,PT,Poultry meat (rtc),QP,Production,2011,2011,19818.3814,,
USA,United States,PT,Poultry meat (rtc),QP,Production,2012,2012,19507.21666,,
USA,United States,PT,Poultry meat (rtc),QP,Production,2013,2013,19574.34841,,
USA,United States,PT,Poultry meat (rtc),QP,Production,2014,2014,19918.17184,,
USA,United States,PT,Poultry meat (rtc),QP,Production,2015,2015,20431.95137,,
USA,United States,PT,Poultry meat (rtc),QP,Production,2016,2016,20902.67833,,
USA,United States,PT,Poultry meat (rtc),QP,Production,2017,2017,21375.91734,,
USA,United States,PT,Poultry meat (rtc),QP,Production,2018,2018,21883.75045,,
USA,United States,PT,Poultry meat (rtc),QP,Production,2019,2019,22397.00405,,
USA,United States,PT,Poultry meat (rtc),QP,Production,2020,2020,22931.0422,,
USA,United States,PT,Poultry meat (rtc),QP,Production,2021,2021,23401.65939,,
USA,United States,PT,Poultry meat (rtc),QP,Production,2022,2022,23766.11754,,
USA,United States,PT,Poultry meat (rtc),QP,Production,2023,2023,24122.92733,,
USA,United States,PT,Poultry meat (rtc),QP,Production,2024,2024,24424.28708,,
USA,United States,PT,Poultry meat (rtc),QC,Consumption,1985,1985,7411.70814,,
USA,United States,PT,Poultry meat (rtc),QC,Consumption,1986,1986,7819.034573,,
USA,United States,PT,Poultry meat (rtc),QC,Consumption,1987,1987,8514.392503,,
USA,United States,PT,Poultry meat (rtc),QC,Consumption,1988,1988,8906.296777,,
USA,United States,PT,Poultry meat (rtc),QC,Consumption,1989,1989,9522.729541,,
USA,United States,PT,Poultry meat (rtc),QC,Consumption,1990,1990,10047.99013,,
USA,United States,PT,Poultry meat (rtc),QC,Consumption,1991,1991,10564.63245,,
USA,United States,PT,Poultry meat (rtc),QC,Consumption,1992,1992,11079.00681,,
USA,United States,PT,Poultry meat (rtc),QC,Consumption,1993,1993,11383.82125,,
USA,United States,PT,Poultry meat (rtc),QC,Consumption,1994,1994,11681.83179,,
USA,United States,PT,Poultry meat (rtc),QC,Consumption,1995,1995,11768.01444,,
USA,United States,PT,Poultry meat (rtc),QC,Consumption,1996,1996,12138.59985,,
USA,United States,PT,Poultry meat (rtc),QC,Consumption,1997,1997,12365.8499,,
USA,United States,PT,Poultry meat (rtc),QC,Consumption,1998,1998,12618.95474,,
USA,United States,PT,Poultry meat (rtc),QC,Consumption,1999,1999,13547.45943,,
USA,United States,PT,Poultry meat (rtc),QC,Consumption,2000,2000,13838.21248,,
USA,United States,PT,Poultry meat (rtc),QC,Consumption,2001,2001,13981.09425,,
USA,United States,PT,Poultry meat (rtc),QC,Consumption,2002,2002,14775.78902,,
USA,United States,PT,Poultry meat (rtc),QC,Consumption,2003,2003,15028.26938,,
USA,United States,PT,Poultry meat (rtc),QC,Consumption,2004,2004,15485.10563,,
USA,United States,PT,Poultry meat (rtc),QC,Consumption,2005,2005,15851.71141,,
USA,United States,PT,Poultry meat (rtc),QC,Consumption,2006,2006,16081.68301,,
USA,United States,PT,Poultry meat (rtc),QC,Consumption,2007,2007,15976.44946,,
USA,United States,PT,Poultry meat (rtc),QC,Consumption,2008,2008,16074.87912,,
USA,United States,PT,Poultry meat (rtc),QC,Consumption,2009,2009,15497.45534,,
USA,United States,PT,Poultry meat (rtc),QC,Consumption,2010,2010,15990.05724,,
USA,United States,PT,Poultry meat (rtc),QC,Consumption,2011,2011,16471.31932,,
USA,United States,PT,Poultry meat (rtc),QC,Consumption,2012,2012,15888.45243,,
USA,United States,PT,Poultry meat (rtc),QC,Consumption,2013,2013,15938.80124,,
USA,United States,PT,Poultry meat (rtc),QC,Consumption,2014,2014,16307.57228,,
USA,United States,PT,Poultry meat (rtc),QC,Consumption,2015,2015,16804.21821,,
USA,United States,PT,Poultry meat (rtc),QC,Consumption,2016,2016,17119.39552,,
USA,United States,PT,Poultry meat (rtc),QC,Consumption,2017,2017,17588.2387,,
USA,United States,PT,Poultry meat (rtc),QC,Consumption,2018,2018,17877.22224,,
USA,United States,PT,Poultry meat (rtc),QC,Consumption,2019,2019,18137.57103,,
USA,United States,PT,Poultry meat (rtc),QC,Consumption,2020,2020,18498.32481,,
USA,United States,PT,Poultry meat (rtc),QC,Consumption,2021,2021,18759.87163,,
USA,United States,PT,Poultry meat (rtc),QC,Consumption,2022,2022,18981.61861,,
USA,United States,PT,Poultry meat (rtc),QC,Consumption,2023,2023,19245.74043,,
USA,United States,PT,Poultry meat (rtc),QC,Consumption,2024,2024,19491.66604,,
USA,United States,SH,Sheepmeat(cwe),QP,Production,1985,1985,169.5964499,,
USA,United States,SH,Sheepmeat(cwe),QP,Production,1986,1986,155.5887798,,
USA,United States,SH,Sheepmeat(cwe),QP,Production,1987,1987,143.6644459,,
USA,United States,SH,Sheepmeat(cwe),QP,Production,1988,1988,155.2030236,,
USA,United States,SH,Sheepmeat(cwe),QP,Production,1989,1989,165.6020223,,
USA,United States,SH,Sheepmeat(cwe),QP,Production,1990,1990,175.1602754,,
USA,United States,SH,Sheepmeat(cwe),QP,Production,1991,1991,180.885476,,
USA,United States,SH,Sheepmeat(cwe),QP,Production,1992,1992,173.9870578,,
USA,United States,SH,Sheepmeat(cwe),QP,Production,1993,1993,169.5008105,,
USA,United States,SH,Sheepmeat(cwe),QP,Production,1994,1994,155.0866161,,
USA,United States,SH,Sheepmeat(cwe),QP,Production,1995,1995,135.441165,,
USA,United States,SH,Sheepmeat(cwe),QP,Production,1996,1996,127.9628997,,
USA,United States,SH,Sheepmeat(cwe),QP,Production,1997,1997,124.3341565,,
USA,United States,SH,Sheepmeat(cwe),QP,Production,1998,1998,120.2971796,,
USA,United States,SH,Sheepmeat(cwe),QP,Production,1999,1999,118.8456822,,
USA,United States,SH,Sheepmeat(cwe),QP,Production,2000,2000,112.5407408,,
USA,United States,SH,Sheepmeat(cwe),QP,Production,2001,2001,109.3655904,,
USA,United States,SH,Sheepmeat(cwe),QP,Production,2002,2002,107.5512188,,
USA,United States,SH,Sheepmeat(cwe),QP,Production,2003,2003,98.47936062,,
USA,United States,SH,Sheepmeat(cwe),QP,Production,2004,2004,94.85061734,,
USA,United States,SH,Sheepmeat(cwe),QP,Production,2005,2005,91.22187406,,
USA,United States,SH,Sheepmeat(cwe),QP,Production,2006,2006,90.31468825,,
USA,United States,SH,Sheepmeat(cwe),QP,Production,2007,2007,89.40750243,,
USA,United States,SH,Sheepmeat(cwe),QP,Production,2008,2008,85.32516624,,
USA,United States,SH,Sheepmeat(cwe),QP,Production,2009,2009,83.96438751,,
USA,United States,SH,Sheepmeat(cwe),QP,Production,2010,2010,80.80923715,,
USA,United States,SH,Sheepmeat(cwe),QP,Production,2011,2011,74.00534351,,
USA,United States,SH,Sheepmeat(cwe),QP,Production,2012,2012,77.18049387,,
USA,United States,SH,Sheepmeat(cwe),QP,Production,2013,2013,77.18049387,,
USA,United States,SH,Sheepmeat(cwe),QP,Production,2014,2014,76.27330805,,
USA,United States,SH,Sheepmeat(cwe),QP,Production,2015,2015,73.09815769,,
USA,United States,SH,Sheepmeat(cwe),QP,Production,2016,2016,74.13814857,,
USA,United States,SH,Sheepmeat(cwe),QP,Production,2017,2017,73.83256784,,
USA,United States,SH,Sheepmeat(cwe),QP,Production,2018,2018,73.56139163,,
USA,United States,SH,Sheepmeat(cwe),QP,Production,2019,2019,73.33116095,,
USA,United States,SH,Sheepmeat(cwe),QP,Production,2020,2020,73.04734896,,
USA,United States,SH,Sheepmeat(cwe),QP,Production,2021,2021,72.80902837,,
USA,United States,SH,Sheepmeat(cwe),QP,Production,2022,2022,72.59277912,,
USA,United States,SH,Sheepmeat(cwe),QP,Production,2023,2023,72.32794159,,
USA,United States,SH,Sheepmeat(cwe),QP,Production,2024,2024,72.02817146,,
USA,United States,SH,Sheepmeat(cwe),QC,Consumption,1985,1985,176.4476418,,
USA,United States,SH,Sheepmeat(cwe),QC,Consumption,1986,1986,171.4581198,,
USA,United States,SH,Sheepmeat(cwe),QC,Consumption,1987,1987,164.2006332,,
USA,United States,SH,Sheepmeat(cwe),QC,Consumption,1988,1988,175.540456,,
USA,United States,SH,Sheepmeat(cwe),QC,Consumption,1989,1989,175.086863,,
USA,United States,SH,Sheepmeat(cwe),QC,Consumption,1990,1990,180.076385,,
USA,United States,SH,Sheepmeat(cwe),QC,Consumption,1991,1991,180.076385,,
USA,United States,SH,Sheepmeat(cwe),QC,Consumption,1992,1992,175.9940489,,
USA,United States,SH,Sheepmeat(cwe),QC,Consumption,1993,1993,172.8188985,,
USA,United States,SH,Sheepmeat(cwe),QC,Consumption,1994,1994,156.4895538,,
USA,United States,SH,Sheepmeat(cwe),QC,Consumption,1995,1995,157.8503325,,
USA,United States,SH,Sheepmeat(cwe),QC,Consumption,1996,1996,151.5000318,,
USA,United States,SH,Sheepmeat(cwe),QC,Consumption,1997,1997,151.0464388,,
USA,United States,SH,Sheepmeat(cwe),QC,Consumption,1998,1998,163.2934474,,
USA,United States,SH,Sheepmeat(cwe),QC,Consumption,1999,1999,162.3862616,,
USA,United States,SH,Sheepmeat(cwe),QC,Consumption,2000,2000,160.5718899,,
USA,United States,SH,Sheepmeat(cwe),QC,Consumption,2001,2001,166.9221907,,
USA,United States,SH,Sheepmeat(cwe),QC,Consumption,2002,2002,172.8188985,,
USA,United States,SH,Sheepmeat(cwe),QC,Consumption,2003,2003,166.4685978,,
USA,United States,SH,Sheepmeat(cwe),QC,Consumption,2004,2004,161.9326687,,
USA,United States,SH,Sheepmeat(cwe),QC,Consumption,2005,2005,159.2111112,,
USA,United States,SH,Sheepmeat(cwe),QC,Consumption,2006,2006,159.2111112,,
USA,United States,SH,Sheepmeat(cwe),QC,Consumption,2007,2007,172.3653056,,
USA,United States,SH,Sheepmeat(cwe),QC,Consumption,2008,2008,152.8608105,,
USA,United States,SH,Sheepmeat(cwe),QC,Consumption,2009,2009,150.5928459,,
USA,United States,SH,Sheepmeat(cwe),QC,Consumption,2010,2010,142.4281736,,
USA,United States,SH,Sheepmeat(cwe),QC,Consumption,2011,2011,132.4465471,,
USA,United States,SH,Sheepmeat(cwe),QC,Consumption,2012,2012,135.7175033,,
USA,United States,SH,Sheepmeat(cwe),QC,Consumption,2013,2013,138.2320672,,
USA,United States,SH,Sheepmeat(cwe),QC,Consumption,2014,2014,139.139253,,
USA,United States,SH,Sheepmeat(cwe),QC,Consumption,2015,2015,129.2319714,,
USA,United States,SH,Sheepmeat(cwe),QC,Consumption,2016,2016,127.0592326,,
USA,United States,SH,Sheepmeat(cwe),QC,Consumption,2017,2017,126.5627765,,
USA,United States,SH,Sheepmeat(cwe),QC,Consumption,2018,2018,125.7006277,,
USA,United States,SH,Sheepmeat(cwe),QC,Consumption,2019,2019,125.201593,,
USA,United States,SH,Sheepmeat(cwe),QC,Consumption,2020,2020,125.1664939,,
USA,United States,SH,Sheepmeat(cwe),QC,Consumption,2021,2021,124.8140019,,
USA,United States,SH,Sheepmeat(cwe),QC,Consumption,2022,2022,124.5964609,,
USA,United States,SH,Sheepmeat(cwe),QC,Consumption,2023,2023,124.8510493,,
USA,United States,SH,Sheepmeat(cwe),QC,Consumption,2024,2024,124.810661,,
CHN,China,PK,Pigmeat (cwe),QC,Consumption,1985,1985,16309.3877,,
CHN,China,PK,Pigmeat (cwe),QC,Consumption,1986,1986,17740.84375,,
CHN,China,PK,Pigmeat (cwe),QC,Consumption,1987,1987,18129.10547,,
CHN,China,PK,Pigmeat (cwe),QC,Consumption,1988,1988,20005.0332,,
CHN,China,PK,Pigmeat (cwe),QC,Consumption,1989,1989,21027.80273,,
CHN,China,PK,Pigmeat (cwe),QC,Consumption,1990,1990,22570,,
CHN,China,PK,Pigmeat (cwe),QC,Consumption,1991,1991,24242.14258,,
CHN,China,PK,Pigmeat (cwe),QC,Consumption,1992,1992,26224.9043,,
CHN,China,PK,Pigmeat (cwe),QC,Consumption,1993,1993,28374.4082,,
CHN,China,PK,Pigmeat (cwe),QC,Consumption,1994,1994,31025.05078,,
CHN,China,PK,Pigmeat (cwe),QC,Consumption,1995,1995,31721.45313,,
CHN,China,PK,Pigmeat (cwe),QC,Consumption,1996,1996,31365.24414,,
CHN,China,PK,Pigmeat (cwe),QC,Consumption,1997,1997,35777.15234,,
CHN,China,PK,Pigmeat (cwe),QC,Consumption,1998,1998,38661.55469,,
CHN,China,PK,Pigmeat (cwe),QC,Consumption,1999,1999,38839.58984,,
CHN,China,PK,Pigmeat (cwe),QC,Consumption,2000,2000,40340.22266,,
CHN,China,PK,Pigmeat (cwe),QC,Consumption,2001,2001,41555.72266,,
CHN,China,PK,Pigmeat (cwe),QC,Consumption,2002,2002,43207.45703,,
CHN,China,PK,Pigmeat (cwe),QC,Consumption,2003,2003,42155.18359,,
CHN,China,PK,Pigmeat (cwe),QC,Consumption,2004,2004,42952.35156,,
CHN,China,PK,Pigmeat (cwe),QC,Consumption,2005,2005,45083.66406,,
CHN,China,PK,Pigmeat (cwe),QC,Consumption,2006,2006,45980.29688,,
CHN,China,PK,Pigmeat (cwe),QC,Consumption,2007,2007,42612.23047,,
CHN,China,PK,Pigmeat (cwe),QC,Consumption,2008,2008,46424.17188,,
CHN,China,PK,Pigmeat (cwe),QC,Consumption,2009,2009,48713.44141,,
CHN,China,PK,Pigmeat (cwe),QC,Consumption,2010,2010,51074.95186,,
CHN,China,PK,Pigmeat (cwe),QC,Consumption,2011,2011,49800.15089,,
CHN,China,PK,Pigmeat (cwe),QC,Consumption,2012,2012,53689.986,,
CHN,China,PK,Pigmeat (cwe),QC,Consumption,2013,2013,55437.777,,
CHN,China,PK,Pigmeat (cwe),QC,Consumption,2014,2014,57171,,
CHN,China,PK,Pigmeat (cwe),QC,Consumption,2015,2015,57224.7879,,
CHN,China,PK,Pigmeat (cwe),QC,Consumption,2016,2016,57694.06294,,
CHN,China,PK,Pigmeat (cwe),QC,Consumption,2017,2017,59029.36973,,
CHN,China,PK,Pigmeat (cwe),QC,Consumption,2018,2018,59650.74655,,
CHN,China,PK,Pigmeat (cwe),QC,Consumption,2019,2019,60125.49917,,
CHN,China,PK,Pigmeat (cwe),QC,Consumption,2020,2020,60615.05489,,
CHN,China,PK,Pigmeat (cwe),QC,Consumption,2021,2021,61037.82025,,
CHN,China,PK,Pigmeat (cwe),QC,Consumption,2022,2022,61308.07292,,
CHN,China,PK,Pigmeat (cwe),QC,Consumption,2023,2023,61702.6209,,
CHN,China,PK,Pigmeat (cwe),QC,Consumption,2024,2024,62015.05029,,
CHN,China,PT,Poultry meat (rtc),QC,Consumption,1985,1985,1582.428996,,
CHN,China,PT,Poultry meat (rtc),QC,Consumption,1986,1986,1851.814036,,
CHN,China,PT,Poultry meat (rtc),QC,Consumption,1987,1987,2182.255563,,
CHN,China,PT,Poultry meat (rtc),QC,Consumption,1988,1988,2734.694632,,
CHN,China,PT,Poultry meat (rtc),QC,Consumption,1989,1989,2827.07114,,
CHN,China,PT,Poultry meat (rtc),QC,Consumption,1990,1990,3240.545853,,
CHN,China,PT,Poultry meat (rtc),QC,Consumption,1991,1991,3968.811554,,
CHN,China,PT,Poultry meat (rtc),QC,Consumption,1992,1992,4511.269653,,
CHN,China,PT,Poultry meat (rtc),QC,Consumption,1993,1993,5712.209847,,
CHN,China,PT,Poultry meat (rtc),QC,Consumption,1994,1994,7608.139984,,
CHN,China,PT,Poultry meat (rtc),QC,Consumption,1995,1995,9717.212402,,
CHN,China,PT,Poultry meat (rtc),QC,Consumption,1996,1996,8668.019806,,
CHN,China,PT,Poultry meat (rtc),QC,Consumption,1997,1997,10035.29211,,
CHN,China,PT,Poultry meat (rtc),QC,Consumption,1998,1998,10875.11642,,
CHN,China,PT,Poultry meat (rtc),QC,Consumption,1999,1999,11513.75089,,
CHN,China,PT,Poultry meat (rtc),QC,Consumption,2000,2000,12202.77386,,
CHN,China,PT,Poultry meat (rtc),QC,Consumption,2001,2001,11879.12738,,
CHN,China,PT,Poultry meat (rtc),QC,Consumption,2002,2002,11976.85156,,
CHN,China,PT,Poultry meat (rtc),QC,Consumption,2003,2003,12520.7699,,
CHN,China,PT,Poultry meat (rtc),QC,Consumption,2004,2004,12429.23419,,
CHN,China,PT,Poultry meat (rtc),QC,Consumption,2005,2005,13355.664,,
CHN,China,PT,Poultry meat (rtc),QC,Consumption,2006,2006,13742.4356,,
CHN,China,PT,Poultry meat (rtc),QC,Consumption,2007,2007,14767.62078,,
CHN,China,PT,Poultry meat (rtc),QC,Consumption,2008,2008,15763.50583,,
CHN,China,PT,Poultry meat (rtc),QC,Consumption,2009,2009,16279.72381,,
CHN,China,PT,Poultry meat (rtc),QC,Consumption,2010,2010,16566.61142,,
CHN,China,PT,Poultry meat (rtc),QC,Consumption,2011,2011,16902.98701,,
CHN,China,PT,Poultry meat (rtc),QC,Consumption,2012,2012,18137.664,,
CHN,China,PT,Poultry meat (rtc),QC,Consumption,2013,2013,17946.438,,
CHN,China,PT,Poultry meat (rtc),QC,Consumption,2014,2014,18087.308,,
CHN,China,PT,Poultry meat (rtc),QC,Consumption,2015,2015,18232.14516,,
CHN,China,PT,Poultry meat (rtc),QC,Consumption,2016,2016,18427.06422,,
CHN,China,PT,Poultry meat (rtc),QC,Consumption,2017,2017,19214.79789,,
CHN,China,PT,Poultry meat (rtc),QC,Consumption,2018,2018,19782.96476,,
CHN,China,PT,Poultry meat (rtc),QC,Consumption,2019,2019,20346.51642,,
CHN,China,PT,Poultry meat (rtc),QC,Consumption,2020,2020,20951.15616,,
CHN,China,PT,Poultry meat (rtc),QC,Consumption,2021,2021,21499.24768,,
CHN,China,PT,Poultry meat (rtc),QC,Consumption,2022,2022,22085.44383,,
CHN,China,PT,Poultry meat (rtc),QC,Consumption,2023,2023,22685.24105,,
CHN,China,PT,Poultry meat (rtc),QC,Consumption,2024,2024,23237.8564,,
IND,India,BV,Beef and veal (cwe),QP,Production,1985,1985,1956.006714,,
IND,India,BV,Beef and veal (cwe),QP,Production,1986,1986,1982.430176,,
IND,India,BV,Beef and veal (cwe),QP,Production,1987,1987,2040.080688,,
IND,India,BV,Beef and veal (cwe),QP,Production,1988,1988,2065.314697,,
IND,India,BV,Beef and veal (cwe),QP,Production,1989,1989,2090.462158,,
IND,India,BV,Beef and veal (cwe),QP,Production,1990,1990,2116.05542,,
IND,India,BV,Beef and veal (cwe),QP,Production,1991,1991,2139.763916,,
IND,India,BV,Beef and veal (cwe),QP,Production,1992,1992,2172.907227,,
IND,India,BV,Beef and veal (cwe),QP,Production,1993,1993,2183.421387,,
IND,India,BV,Beef and veal (cwe),QP,Production,1994,1994,2189.401855,,
IND,India,BV,Beef and veal (cwe),QP,Production,1995,1995,2201.503906,,
IND,India,BV,Beef and veal (cwe),QP,Production,1996,1996,2208.840332,,
IND,India,BV,Beef and veal (cwe),QP,Production,1997,1997,2218.381592,,
IND,India,BV,Beef and veal (cwe),QP,Production,1998,1998,2225.408691,,
IND,India,BV,Beef and veal (cwe),QP,Production,1999,1999,2231.162598,,
IND,India,BV,Beef and veal (cwe),QP,Production,2000,2000,2236.995605,,
IND,India,BV,Beef and veal (cwe),QP,Production,2001,2001,2243.316895,,
IND,India,BV,Beef and veal (cwe),QP,Production,2002,2002,2249.906982,,
IND,India,BV,Beef and veal (cwe),QP,Production,2003,2003,2257.546387,,
IND,India,BV,Beef and veal (cwe),QP,Production,2004,2004,2298.794434,,
IND,India,BV,Beef and veal (cwe),QP,Production,2005,2005,2341.50415,,
IND,India,BV,Beef and veal (cwe),QP,Production,2006,2006,2384.133545,,
IND,India,BV,Beef and veal (cwe),QP,Production,2007,2007,2428.450195,,
IND,India,BV,Beef and veal (cwe),QP,Production,2008,2008,2473.393799,,
IND,India,BV,Beef and veal (cwe),QP,Production,2009,2009,2517.17041,,
IND,India,BV,Beef and veal (cwe),QP,Production,2010,2010,2563.99292,,
IND,India,BV,Beef and veal (cwe),QP,Production,2011,2011,2586.962158,,
IND,India,BV,Beef and veal (cwe),QP,Production,2012,2012,2622.79541,,
IND,India,BV,Beef and veal (cwe),QP,Production,2013,2013,2846.951172,,
IND,India,BV,Beef and veal (cwe),QP,Production,2014,2014,2997.749268,,
IND,India,BV,Beef and veal (cwe),QP,Production,2015,2015,3065.27545,,
IND,India,BV,Beef and veal (cwe),QP,Production,2016,2016,3088.899506,,
IND,India,BV,Beef and veal (cwe),QP,Production,2017,2017,3120.804203,,
IND,India,BV,Beef and veal (cwe),QP,Production,2018,2018,3159.943991,,
IND,India,BV,Beef and veal (cwe),QP,Production,2019,2019,3219.765202,,
IND,India,BV,Beef and veal (cwe),QP,Production,2020,2020,3267.686511,,
IND,India,BV,Beef and veal (cwe),QP,Production,2021,2021,3322.315818,,
IND,India,BV,Beef and veal (cwe),QP,Production,2022,2022,3379.432636,,
IND,India,BV,Beef and veal (cwe),QP,Production,2023,2023,3456.276138,,
IND,India,BV,Beef and veal (cwe),QP,Production,2024,2024,3551.5454,,
CHN,China,PT,Poultry meat (rtc),QP,Production,1985,1985,1598.901978,,
CHN,China,PT,Poultry meat (rtc),QP,Production,1986,1986,1886.933838,,
CHN,China,PT,Poultry meat (rtc),QP,Production,1987,1987,2202.526611,,
CHN,China,PT,Poultry meat (rtc),QP,Production,1988,1988,2753.048828,,
CHN,China,PT,Poultry meat (rtc),QP,Production,1989,1989,2829.389893,,
CHN,China,PT,Poultry meat (rtc),QP,Production,1990,1990,3229,,
CHN,China,PT,Poultry meat (rtc),QP,Production,1991,1991,3950,,
CHN,China,PT,Poultry meat (rtc),QP,Production,1992,1992,4542,,
CHN,China,PT,Poultry meat (rtc),QP,Production,1993,1993,5736,,
CHN,China,PT,Poultry meat (rtc),QP,Production,1994,1994,7552,,
CHN,China,PT,Poultry meat (rtc),QP,Production,1995,1995,9347,,
CHN,China,PT,Poultry meat (rtc),QP,Production,1996,1996,8327,,
CHN,China,PT,Poultry meat (rtc),QP,Production,1997,1997,9785,,
CHN,China,PT,Poultry meat (rtc),QP,Production,1998,1998,10563,,
CHN,China,PT,Poultry meat (rtc),QP,Production,1999,1999,11155,,
CHN,China,PT,Poultry meat (rtc),QP,Production,2000,2000,11911,,
CHN,China,PT,Poultry meat (rtc),QP,Production,2001,2001,11761,,
CHN,China,PT,Poultry meat (rtc),QP,Production,2002,2002,11971,,
CHN,China,PT,Poultry meat (rtc),QP,Production,2003,2003,12390,,
CHN,China,PT,Poultry meat (rtc),QP,Production,2004,2004,12578,,
CHN,China,PT,Poultry meat (rtc),QP,Production,2005,2005,13442,,
CHN,China,PT,Poultry meat (rtc),QP,Production,2006,2006,13631,,
CHN,China,PT,Poultry meat (rtc),QP,Production,2007,2007,14476,,
CHN,China,PT,Poultry meat (rtc),QP,Production,2008,2008,15337,,
CHN,China,PT,Poultry meat (rtc),QP,Production,2009,2009,15949,,
CHN,China,PT,Poultry meat (rtc),QP,Production,2010,2010,16561,,
CHN,China,PT,Poultry meat (rtc),QP,Production,2011,2011,17088,,
CHN,China,PT,Poultry meat (rtc),QP,Production,2012,2012,18226,,
CHN,China,PT,Poultry meat (rtc),QP,Production,2013,2013,17984,,
CHN,China,PT,Poultry meat (rtc),QP,Production,2014,2014,18250,,
CHN,China,PT,Poultry meat (rtc),QP,Production,2015,2015,18392.8327,,
CHN,China,PT,Poultry meat (rtc),QP,Production,2016,2016,18633.71512,,
CHN,China,PT,Poultry meat (rtc),QP,Production,2017,2017,19393.70014,,
CHN,China,PT,Poultry meat (rtc),QP,Production,2018,2018,19945.53677,,
CHN,China,PT,Poultry meat (rtc),QP,Production,2019,2019,20452.41276,,
CHN,China,PT,Poultry meat (rtc),QP,Production,2020,2020,21013.42385,,
CHN,China,PT,Poultry meat (rtc),QP,Production,2021,2021,21518.11675,,
CHN,China,PT,Poultry meat (rtc),QP,Production,2022,2022,22055.86346,,
CHN,China,PT,Poultry meat (rtc),QP,Production,2023,2023,22622.36587,,
CHN,China,PT,Poultry meat (rtc),QP,Production,2024,2024,23111.59101,,
CHN,China,BV,Beef and veal (cwe),QC,Consumption,1985,1985,424.0325012,,
CHN,China,BV,Beef and veal (cwe),QC,Consumption,1986,1986,550.4511108,,
CHN,China,BV,Beef and veal (cwe),QC,Consumption,1987,1987,743.5689087,,
CHN,China,BV,Beef and veal (cwe),QC,Consumption,1988,1988,852.7627564,,
CHN,China,BV,Beef and veal (cwe),QC,Consumption,1989,1989,953.6193848,,
CHN,China,BV,Beef and veal (cwe),QC,Consumption,1990,1990,1074.9375,,
CHN,China,BV,Beef and veal (cwe),QC,Consumption,1991,1991,1278.731567,,
CHN,China,BV,Beef and veal (cwe),QC,Consumption,1992,1992,1725.37207,,
CHN,China,BV,Beef and veal (cwe),QC,Consumption,1993,1993,2186.401123,,
CHN,China,BV,Beef and veal (cwe),QC,Consumption,1994,1994,2676.399902,,
CHN,China,BV,Beef and veal (cwe),QC,Consumption,1995,1995,3463.373535,,
CHN,China,BV,Beef and veal (cwe),QC,Consumption,1996,1996,3476.646729,,
CHN,China,BV,Beef and veal (cwe),QC,Consumption,1997,1997,4329.812988,,
CHN,China,BV,Beef and veal (cwe),QC,Consumption,1998,1998,4726.791016,,
CHN,China,BV,Beef and veal (cwe),QC,Consumption,1999,1999,5013.456543,,
CHN,China,BV,Beef and veal (cwe),QC,Consumption,2000,2000,5298.639648,,
CHN,China,BV,Beef and veal (cwe),QC,Consumption,2001,2001,5453.63916,,
CHN,China,BV,Beef and veal (cwe),QC,Consumption,2002,2002,5836.503906,,
CHN,China,BV,Beef and veal (cwe),QC,Consumption,2003,2003,5382.294922,,
CHN,China,BV,Beef and veal (cwe),QC,Consumption,2004,2004,5534.417969,,
CHN,China,BV,Beef and veal (cwe),QC,Consumption,2005,2005,5578.720703,,
CHN,China,BV,Beef and veal (cwe),QC,Consumption,2006,2006,5646.521973,,
CHN,China,BV,Beef and veal (cwe),QC,Consumption,2007,2007,6013.36084,,
CHN,China,BV,Beef and veal (cwe),QC,Consumption,2008,2008,6044.53418,,
CHN,China,BV,Beef and veal (cwe),QC,Consumption,2009,2009,6301.367188,,
CHN,China,BV,Beef and veal (cwe),QC,Consumption,2010,2010,6478.402832,,
CHN,China,BV,Beef and veal (cwe),QC,Consumption,2011,2011,6409.14209,,
CHN,China,BV,Beef and veal (cwe),QC,Consumption,2012,2012,6577.542128,,
CHN,China,BV,Beef and veal (cwe),QC,Consumption,2013,2013,6981.357592,,
CHN,China,BV,Beef and veal (cwe),QC,Consumption,2014,2014,7242.10514,,
CHN,China,BV,Beef and veal (cwe),QC,Consumption,2015,2015,7241.830464,,
CHN,China,BV,Beef and veal (cwe),QC,Consumption,2016,2016,7262.258423,,
CHN,China,BV,Beef and veal (cwe),QC,Consumption,2017,2017,7405.154705,,
CHN,China,BV,Beef and veal (cwe),QC,Consumption,2018,2018,7555.884838,,
CHN,China,BV,Beef and veal (cwe),QC,Consumption,2019,2019,7693.000841,,
CHN,China,BV,Beef and veal (cwe),QC,Consumption,2020,2020,7820.612932,,
CHN,China,BV,Beef and veal (cwe),QC,Consumption,2021,2021,7923.976429,,
CHN,China,BV,Beef and veal (cwe),QC,Consumption,2022,2022,8109.695025,,
CHN,China,BV,Beef and veal (cwe),QC,Consumption,2023,2023,8255.143509,,
CHN,China,BV,Beef and veal (cwe),QC,Consumption,2024,2024,8394.953631,,
CHN,China,SH,Sheepmeat(cwe),QP,Production,1985,1985,595.3344116,,
CHN,China,SH,Sheepmeat(cwe),QP,Production,1986,1986,623.2749634,,
CHN,China,SH,Sheepmeat(cwe),QP,Production,1987,1987,720.0733032,,
CHN,China,SH,Sheepmeat(cwe),QP,Production,1988,1988,803.2104492,,
CHN,China,SH,Sheepmeat(cwe),QP,Production,1989,1989,962.2974854,,
CHN,China,SH,Sheepmeat(cwe),QP,Production,1990,1990,1068.314941,,
CHN,China,SH,Sheepmeat(cwe),QP,Production,1991,1991,1182.123535,,
CHN,China,SH,Sheepmeat(cwe),QP,Production,1992,1992,1252.830078,,
CHN,China,SH,Sheepmeat(cwe),QP,Production,1993,1993,1377.076294,,
CHN,China,SH,Sheepmeat(cwe),QP,Production,1994,1994,1482.923218,,
CHN,China,SH,Sheepmeat(cwe),QP,Production,1995,1995,1747.283203,,
CHN,China,SH,Sheepmeat(cwe),QP,Production,1996,1996,1810.631592,,
CHN,China,SH,Sheepmeat(cwe),QP,Production,1997,1997,2128.185059,,
CHN,China,SH,Sheepmeat(cwe),QP,Production,1998,1998,2346.140869,,
CHN,China,SH,Sheepmeat(cwe),QP,Production,1999,1999,2513.148682,,
CHN,China,SH,Sheepmeat(cwe),QP,Production,2000,2000,2740.175049,,
CHN,China,SH,Sheepmeat(cwe),QP,Production,2001,2001,2927.157227,,
CHN,China,SH,Sheepmeat(cwe),QP,Production,2002,2002,3167.023193,,
CHN,China,SH,Sheepmeat(cwe),QP,Production,2003,2003,3086.94458,,
CHN,China,SH,Sheepmeat(cwe),QP,Production,2004,2004,3331.080078,,
CHN,China,SH,Sheepmeat(cwe),QP,Production,2005,2005,3454.449463,,
CHN,China,SH,Sheepmeat(cwe),QP,Production,2006,2006,3592.259521,,
CHN,China,SH,Sheepmeat(cwe),QP,Production,2007,2007,3777.268066,,
CHN,China,SH,Sheepmeat(cwe),QP,Production,2008,2008,3751.578125,,
CHN,China,SH,Sheepmeat(cwe),QP,Production,2009,2009,3841.982178,,
CHN,China,SH,Sheepmeat(cwe),QP,Production,2010,2010,3992.155762,,
CHN,China,SH,Sheepmeat(cwe),QP,Production,2011,2011,3939.880371,,
CHN,China,SH,Sheepmeat(cwe),QP,Production,2012,2012,4010.191444,,
CHN,China,SH,Sheepmeat(cwe),QP,Production,2013,2013,4081.12968,,
CHN,China,SH,Sheepmeat(cwe),QP,Production,2014,2014,4170,,
CHN,China,SH,Sheepmeat(cwe),QP,Production,2015,2015,4276.394173,,
CHN,China,SH,Sheepmeat(cwe),QP,Production,2016,2016,4409.628191,,
CHN,China,SH,Sheepmeat(cwe),QP,Production,2017,2017,4516.563493,,
CHN,China,SH,Sheepmeat(cwe),QP,Production,2018,2018,4642.352376,,
CHN,China,SH,Sheepmeat(cwe),QP,Production,2019,2019,4796.812777,,
CHN,China,SH,Sheepmeat(cwe),QP,Production,2020,2020,4892.642551,,
CHN,China,SH,Sheepmeat(cwe),QP,Production,2021,2021,5004.10832,,
CHN,China,SH,Sheepmeat(cwe),QP,Production,2022,2022,5093.865375,,
CHN,China,SH,Sheepmeat(cwe),QP,Production,2023,2023,5205.787877,,
CHN,China,SH,Sheepmeat(cwe),QP,Production,2024,2024,5309.023768,,
IND,India,PK,Pigmeat (cwe),QC,Consumption,1985,1985,360.4477539,,
IND,India,PK,Pigmeat (cwe),QC,Consumption,1986,1986,363.9981079,,
IND,India,PK,Pigmeat (cwe),QC,Consumption,1987,1987,365.7951965,,
IND,India,PK,Pigmeat (cwe),QC,Consumption,1988,1988,381.5005188,,
IND,India,PK,Pigmeat (cwe),QC,Consumption,1989,1989,398.9983826,,
IND,India,PK,Pigmeat (cwe),QC,Consumption,1990,1990,412.9971924,,
IND,India,PK,Pigmeat (cwe),QC,Consumption,1991,1991,427,,
IND,India,PK,Pigmeat (cwe),QC,Consumption,1992,1992,444.493103,,
IND,India,PK,Pigmeat (cwe),QC,Consumption,1993,1993,447.9428101,,
IND,India,PK,Pigmeat (cwe),QC,Consumption,1994,1994,450.8000793,,
IND,India,PK,Pigmeat (cwe),QC,Consumption,1995,1995,453.8832703,,
IND,India,PK,Pigmeat (cwe),QC,Consumption,1996,1996,558.1069946,,
IND,India,PK,Pigmeat (cwe),QC,Consumption,1997,1997,464.3978882,,
IND,India,PK,Pigmeat (cwe),QC,Consumption,1998,1998,463.2834167,,
IND,India,PK,Pigmeat (cwe),QC,Consumption,1999,1999,464.3797302,,
IND,India,PK,Pigmeat (cwe),QC,Consumption,2000,2000,465.8670654,,
IND,India,PK,Pigmeat (cwe),QC,Consumption,2001,2001,466.427887,,
IND,India,PK,Pigmeat (cwe),QC,Consumption,2002,2002,467.4956055,,
IND,India,PK,Pigmeat (cwe),QC,Consumption,2003,2003,469.4989929,,
IND,India,PK,Pigmeat (cwe),QC,Consumption,2004,2004,443.8270264,,
IND,India,PK,Pigmeat (cwe),QC,Consumption,2005,2005,425.03302,,
IND,India,PK,Pigmeat (cwe),QC,Consumption,2006,2006,404.4370117,,
IND,India,PK,Pigmeat (cwe),QC,Consumption,2007,2007,384.302002,,
IND,India,PK,Pigmeat (cwe),QC,Consumption,2008,2008,365.460022,,
IND,India,PK,Pigmeat (cwe),QC,Consumption,2009,2009,351.0639954,,
IND,India,PK,Pigmeat (cwe),QC,Consumption,2010,2010,331.3609924,,
IND,India,PK,Pigmeat (cwe),QC,Consumption,2011,2011,329.4769897,,
IND,India,PK,Pigmeat (cwe),QC,Consumption,2012,2012,329.7210083,,
IND,India,PK,Pigmeat (cwe),QC,Consumption,2013,2013,328.5970154,,
IND,India,PK,Pigmeat (cwe),QC,Consumption,2014,2014,327.5660095,,
IND,India,PK,Pigmeat (cwe),QC,Consumption,2015,2015,330.6980838,,
IND,India,PK,Pigmeat (cwe),QC,Consumption,2016,2016,334.7022242,,
IND,India,PK,Pigmeat (cwe),QC,Consumption,2017,2017,337.737356,,
IND,India,PK,Pigmeat (cwe),QC,Consumption,2018,2018,340.3873059,,
IND,India,PK,Pigmeat (cwe),QC,Consumption,2019,2019,343.7468696,,
IND,India,PK,Pigmeat (cwe),QC,Consumption,2020,2020,346.377134,,
IND,India,PK,Pigmeat (cwe),QC,Consumption,2021,2021,348.6212472,,
IND,India,PK,Pigmeat (cwe),QC,Consumption,2022,2022,351.1090707,,
IND,India,PK,Pigmeat (cwe),QC,Consumption,2023,2023,354.369913,,
IND,India,PK,Pigmeat (cwe),QC,Consumption,2024,2024,357.7948273,,
IND,India,SH,Sheepmeat(cwe),QC,Consumption,1985,1985,521.4009399,,
IND,India,SH,Sheepmeat(cwe),QC,Consumption,1986,1986,533.7229614,,
IND,India,SH,Sheepmeat(cwe),QC,Consumption,1987,1987,582.5340576,,
IND,India,SH,Sheepmeat(cwe),QC,Consumption,1988,1988,590.8599854,,
IND,India,SH,Sheepmeat(cwe),QC,Consumption,1989,1989,596.3930664,,
IND,India,SH,Sheepmeat(cwe),QC,Consumption,1990,1990,602.8731689,,
IND,India,SH,Sheepmeat(cwe),QC,Consumption,1991,1991,611.1781006,,
IND,India,SH,Sheepmeat(cwe),QC,Consumption,1992,1992,619.0432129,,
IND,India,SH,Sheepmeat(cwe),QC,Consumption,1993,1993,624.1780396,,
IND,India,SH,Sheepmeat(cwe),QC,Consumption,1994,1994,626.000061,,
IND,India,SH,Sheepmeat(cwe),QC,Consumption,1995,1995,654.6399536,,
IND,India,SH,Sheepmeat(cwe),QC,Consumption,1996,1996,663.1264648,,
IND,India,SH,Sheepmeat(cwe),QC,Consumption,1997,1997,672.9309082,,
IND,India,SH,Sheepmeat(cwe),QC,Consumption,1998,1998,678.9512329,,
IND,India,SH,Sheepmeat(cwe),QC,Consumption,1999,1999,681.612793,,
IND,India,SH,Sheepmeat(cwe),QC,Consumption,2000,2000,684.3029785,,
IND,India,SH,Sheepmeat(cwe),QC,Consumption,2001,2001,695.9100342,,
IND,India,SH,Sheepmeat(cwe),QC,Consumption,2002,2002,717.6189575,,
IND,India,SH,Sheepmeat(cwe),QC,Consumption,2003,2003,686.2349854,,
IND,India,SH,Sheepmeat(cwe),QC,Consumption,2004,2004,695.7330322,,
IND,India,SH,Sheepmeat(cwe),QC,Consumption,2005,2005,701.2210083,,
IND,India,SH,Sheepmeat(cwe),QC,Consumption,2006,2006,766.7210083,,
IND,India,SH,Sheepmeat(cwe),QC,Consumption,2007,2007,791.7709961,,
IND,India,SH,Sheepmeat(cwe),QC,Consumption,2008,2008,806.2869873,,
IND,India,SH,Sheepmeat(cwe),QC,Consumption,2009,2009,786.6450195,,
IND,India,SH,Sheepmeat(cwe),QC,Consumption,2010,2010,861.4169922,,
IND,India,SH,Sheepmeat(cwe),QC,Consumption,2011,2011,879.440979,,
IND,India,SH,Sheepmeat(cwe),QC,Consumption,2012,2012,884.8280029,,
IND,India,SH,Sheepmeat(cwe),QC,Consumption,2013,2013,885.1489868,,
IND,India,SH,Sheepmeat(cwe),QC,Consumption,2014,2014,898.3779907,,
IND,India,SH,Sheepmeat(cwe),QC,Consumption,2015,2015,916.7561613,,
IND,India,SH,Sheepmeat(cwe),QC,Consumption,2016,2016,933.5535875,,
IND,India,SH,Sheepmeat(cwe),QC,Consumption,2017,2017,952.4010612,,
IND,India,SH,Sheepmeat(cwe),QC,Consumption,2018,2018,970.1005225,,
IND,India,SH,Sheepmeat(cwe),QC,Consumption,2019,2019,992.4888681,,
IND,India,SH,Sheepmeat(cwe),QC,Consumption,2020,2020,1013.143197,,
IND,India,SH,Sheepmeat(cwe),QC,Consumption,2021,2021,1033.208772,,
IND,India,SH,Sheepmeat(cwe),QC,Consumption,2022,2022,1053.551724,,
IND,India,SH,Sheepmeat(cwe),QC,Consumption,2023,2023,1071.705327,,
IND,India,SH,Sheepmeat(cwe),QC,Consumption,2024,2024,1087.724642,,
IND,India,PT,Poultry meat (rtc),QC,Consumption,1985,1985,188.9149933,,
IND,India,PT,Poultry meat (rtc),QC,Consumption,1986,1986,209.3630829,,
IND,India,PT,Poultry meat (rtc),QC,Consumption,1987,1987,307.6543579,,
IND,India,PT,Poultry meat (rtc),QC,Consumption,1988,1988,313.1390991,,
IND,India,PT,Poultry meat (rtc),QC,Consumption,1989,1989,345.1600037,,
IND,India,PT,Poultry meat (rtc),QC,Consumption,1990,1990,391.3424377,,
IND,India,PT,Poultry meat (rtc),QC,Consumption,1991,1991,522.3651733,,
IND,India,PT,Poultry meat (rtc),QC,Consumption,1992,1992,540.1813965,,
IND,India,PT,Poultry meat (rtc),QC,Consumption,1993,1993,608.1478882,,
IND,India,PT,Poultry meat (rtc),QC,Consumption,1994,1994,625.0001221,,
IND,India,PT,Poultry meat (rtc),QC,Consumption,1995,1995,641.8226929,,
IND,India,PT,Poultry meat (rtc),QC,Consumption,1996,1996,659.8713379,,
IND,India,PT,Poultry meat (rtc),QC,Consumption,1997,1997,664.5562744,,
IND,India,PT,Poultry meat (rtc),QC,Consumption,1998,1998,737.9492188,,
IND,India,PT,Poultry meat (rtc),QC,Consumption,1999,1999,810.0410767,,
IND,India,PT,Poultry meat (rtc),QC,Consumption,2000,2000,903.7815552,,
IND,India,PT,Poultry meat (rtc),QC,Consumption,2001,2001,962.9168701,,
IND,India,PT,Poultry meat (rtc),QC,Consumption,2002,2002,1126.755615,,
IND,India,PT,Poultry meat (rtc),QC,Consumption,2003,2003,1242.099487,,
IND,India,PT,Poultry meat (rtc),QC,Consumption,2004,2004,1340.202026,,
IND,India,PT,Poultry meat (rtc),QC,Consumption,2005,2005,1439.782959,,
IND,India,PT,Poultry meat (rtc),QC,Consumption,2006,2006,1554.198975,,
IND,India,PT,Poultry meat (rtc),QC,Consumption,2007,2007,1789.784058,,
IND,India,PT,Poultry meat (rtc),QC,Consumption,2008,2008,1918.27002,,
IND,India,PT,Poultry meat (rtc),QC,Consumption,2009,2009,2123.585938,,
IND,India,PT,Poultry meat (rtc),QC,Consumption,2010,2010,2226.564941,,
IND,India,PT,Poultry meat (rtc),QC,Consumption,2011,2011,2234.60083,,
IND,India,PT,Poultry meat (rtc),QC,Consumption,2012,2012,2252.257813,,
IND,India,PT,Poultry meat (rtc),QC,Consumption,2013,2013,2448.031982,,
IND,India,PT,Poultry meat (rtc),QC,Consumption,2014,2014,2643.451172,,
IND,India,PT,Poultry meat (rtc),QC,Consumption,2015,2015,2780.219822,,
IND,India,PT,Poultry meat (rtc),QC,Consumption,2016,2016,2893.660207,,
IND,India,PT,Poultry meat (rtc),QC,Consumption,2017,2017,2976.491646,,
IND,India,PT,Poultry meat (rtc),QC,Consumption,2018,2018,3053.03988,,
IND,India,PT,Poultry meat (rtc),QC,Consumption,2019,2019,3132.580361,,
IND,India,PT,Poultry meat (rtc),QC,Consumption,2020,2020,3212.459051,,
IND,India,PT,Poultry meat (rtc),QC,Consumption,2021,2021,3292.717986,,
IND,India,PT,Poultry meat (rtc),QC,Consumption,2022,2022,3372.65378,,
IND,India,PT,Poultry meat (rtc),QC,Consumption,2023,2023,3448.437034,,
IND,India,PT,Poultry meat (rtc),QC,Consumption,2024,2024,3521.097461,,
CHN,China,SH,Sheepmeat(cwe),QC,Consumption,1985,1985,591.9000244,,
CHN,China,SH,Sheepmeat(cwe),QC,Consumption,1986,1986,619.6140137,,
CHN,China,SH,Sheepmeat(cwe),QC,Consumption,1987,1987,715.1820068,,
CHN,China,SH,Sheepmeat(cwe),QC,Consumption,1988,1988,798.5980225,,
CHN,China,SH,Sheepmeat(cwe),QC,Consumption,1989,1989,959.3359985,,
CHN,China,SH,Sheepmeat(cwe),QC,Consumption,1990,1990,1065.015991,,
CHN,China,SH,Sheepmeat(cwe),QC,Consumption,1991,1991,1177.752075,,
CHN,China,SH,Sheepmeat(cwe),QC,Consumption,1992,1992,1248.399902,,
CHN,China,SH,Sheepmeat(cwe),QC,Consumption,1993,1993,1371.188965,,
CHN,China,SH,Sheepmeat(cwe),QC,Consumption,1994,1994,1479.099976,,
CHN,China,SH,Sheepmeat(cwe),QC,Consumption,1995,1995,1745.150024,,
CHN,China,SH,Sheepmeat(cwe),QC,Consumption,1996,1996,1812.293945,,
CHN,China,SH,Sheepmeat(cwe),QC,Consumption,1997,1997,2130.744141,,
CHN,China,SH,Sheepmeat(cwe),QC,Consumption,1998,1998,2352.356934,,
CHN,China,SH,Sheepmeat(cwe),QC,Consumption,1999,1999,2519.98291,,
CHN,China,SH,Sheepmeat(cwe),QC,Consumption,2000,2000,2753.626465,,
CHN,China,SH,Sheepmeat(cwe),QC,Consumption,2001,2001,2949.5,,
CHN,China,SH,Sheepmeat(cwe),QC,Consumption,2002,2002,3196.881104,,
CHN,China,SH,Sheepmeat(cwe),QC,Consumption,2003,2003,3108.575195,,
CHN,China,SH,Sheepmeat(cwe),QC,Consumption,2004,2004,3338.004883,,
CHN,China,SH,Sheepmeat(cwe),QC,Consumption,2005,2005,3464.667969,,
CHN,China,SH,Sheepmeat(cwe),QC,Consumption,2006,2006,3594.521973,,
CHN,China,SH,Sheepmeat(cwe),QC,Consumption,2007,2007,3801.443115,,
CHN,China,SH,Sheepmeat(cwe),QC,Consumption,2008,2008,3792.176025,,
CHN,China,SH,Sheepmeat(cwe),QC,Consumption,2009,2009,3898.579102,,
CHN,China,SH,Sheepmeat(cwe),QC,Consumption,2010,2010,4035.34082,,
CHN,China,SH,Sheepmeat(cwe),QC,Consumption,2011,2011,4014.177979,,
CHN,China,SH,Sheepmeat(cwe),QC,Consumption,2012,2012,4128.9,,
CHN,China,SH,Sheepmeat(cwe),QC,Consumption,2013,2013,4336.51009,,
CHN,China,SH,Sheepmeat(cwe),QC,Consumption,2014,2014,4449.882,,
CHN,China,SH,Sheepmeat(cwe),QC,Consumption,2015,2015,4554.154836,,
CHN,China,SH,Sheepmeat(cwe),QC,Consumption,2016,2016,4688.478525,,
CHN,China,SH,Sheepmeat(cwe),QC,Consumption,2017,2017,4787.284277,,
CHN,China,SH,Sheepmeat(cwe),QC,Consumption,2018,2018,4914.536337,,
CHN,China,SH,Sheepmeat(cwe),QC,Consumption,2019,2019,5070.738536,,
CHN,China,SH,Sheepmeat(cwe),QC,Consumption,2020,2020,5171.838447,,
CHN,China,SH,Sheepmeat(cwe),QC,Consumption,2021,2021,5286.60825,,
CHN,China,SH,Sheepmeat(cwe),QC,Consumption,2022,2022,5382.031198,,
CHN,China,SH,Sheepmeat(cwe),QC,Consumption,2023,2023,5497.86514,,
CHN,China,SH,Sheepmeat(cwe),QC,Consumption,2024,2024,5606.014585,,
IND,India,PK,Pigmeat (cwe),QP,Production,1985,1985,361.3890076,,
IND,India,PK,Pigmeat (cwe),QP,Production,1986,1986,364.7770081,,
IND,India,PK,Pigmeat (cwe),QP,Production,1987,1987,367.9375,,
IND,India,PK,Pigmeat (cwe),QP,Production,1988,1988,382.2000122,,
IND,India,PK,Pigmeat (cwe),QP,Production,1989,1989,399.5390015,,
IND,India,PK,Pigmeat (cwe),QP,Production,1990,1990,413.0643311,,
IND,India,PK,Pigmeat (cwe),QP,Production,1991,1991,427.0101013,,
IND,India,PK,Pigmeat (cwe),QP,Production,1992,1992,444.4988708,,
IND,India,PK,Pigmeat (cwe),QP,Production,1993,1993,447.975769,,
IND,India,PK,Pigmeat (cwe),QP,Production,1994,1994,451.3641968,,
IND,India,PK,Pigmeat (cwe),QP,Production,1995,1995,454.9482117,,
IND,India,PK,Pigmeat (cwe),QP,Production,1996,1996,558.109314,,
IND,India,PK,Pigmeat (cwe),QP,Production,1997,1997,464.2112427,,
IND,India,PK,Pigmeat (cwe),QP,Production,1998,1998,462.9760437,,
IND,India,PK,Pigmeat (cwe),QP,Production,1999,1999,463.723938,,
IND,India,PK,Pigmeat (cwe),QP,Production,2000,2000,465.508606,,
IND,India,PK,Pigmeat (cwe),QP,Production,2001,2001,466.7102966,,
IND,India,PK,Pigmeat (cwe),QP,Production,2002,2002,468.2498779,,
IND,India,PK,Pigmeat (cwe),QP,Production,2003,2003,469.614563,,
IND,India,PK,Pigmeat (cwe),QP,Production,2004,2004,444.5063782,,
IND,India,PK,Pigmeat (cwe),QP,Production,2005,2005,425.3569641,,
IND,India,PK,Pigmeat (cwe),QP,Production,2006,2006,404.9171753,,
IND,India,PK,Pigmeat (cwe),QP,Production,2007,2007,385.0256653,,
IND,India,PK,Pigmeat (cwe),QP,Production,2008,2008,367.5569153,,
IND,India,PK,Pigmeat (cwe),QP,Production,2009,2009,350.0815125,,
IND,India,PK,Pigmeat (cwe),QP,Production,2010,2010,332.6062622,,
IND,India,PK,Pigmeat (cwe),QP,Production,2011,2011,329.1730957,,
IND,India,PK,Pigmeat (cwe),QP,Production,2012,2012,329.0817261,,
IND,India,PK,Pigmeat (cwe),QP,Production,2013,2013,328.0734253,,
IND,India,PK,Pigmeat (cwe),QP,Production,2014,2014,327.1043701,,
IND,India,PK,Pigmeat (cwe),QP,Production,2015,2015,330.176336,,
IND,India,PK,Pigmeat (cwe),QP,Production,2016,2016,334.1644285,,
IND,India,PK,Pigmeat (cwe),QP,Production,2017,2017,337.2010022,,
IND,India,PK,Pigmeat (cwe),QP,Production,2018,2018,339.8024522,,
IND,India,PK,Pigmeat (cwe),QP,Production,2019,2019,343.1316484,,
IND,India,PK,Pigmeat (cwe),QP,Production,2020,2020,345.7384093,,
IND,India,PK,Pigmeat (cwe),QP,Production,2021,2021,347.9337108,,
IND,India,PK,Pigmeat (cwe),QP,Production,2022,2022,350.3150624,,
IND,India,PK,Pigmeat (cwe),QP,Production,2023,2023,353.4054697,,
IND,India,PK,Pigmeat (cwe),QP,Production,2024,2024,356.5653425,,
CHN,China,BV,Beef and veal (cwe),QP,Production,1985,1985,486.4006043,,
CHN,China,BV,Beef and veal (cwe),QP,Production,1986,1986,613.3904419,,
CHN,China,BV,Beef and veal (cwe),QP,Production,1987,1987,812.1954346,,
CHN,China,BV,Beef and veal (cwe),QP,Production,1988,1988,978.7553101,,
CHN,China,BV,Beef and veal (cwe),QP,Production,1989,1989,1092.494751,,
CHN,China,BV,Beef and veal (cwe),QP,Production,1990,1990,1277.904175,,
CHN,China,BV,Beef and veal (cwe),QP,Production,1991,1991,1555.476685,,
CHN,China,BV,Beef and veal (cwe),QP,Production,1992,1992,1822.740967,,
CHN,China,BV,Beef and veal (cwe),QP,Production,1993,1993,2353.696045,,
CHN,China,BV,Beef and veal (cwe),QP,Production,1994,1994,2785.525879,,
CHN,China,BV,Beef and veal (cwe),QP,Production,1995,1995,3578.512695,,
CHN,China,BV,Beef and veal (cwe),QP,Production,1996,1996,3568.536865,,
CHN,China,BV,Beef and veal (cwe),QP,Production,1997,1997,4417.756836,,
CHN,China,BV,Beef and veal (cwe),QP,Production,1998,1998,4808.776367,,
CHN,China,BV,Beef and veal (cwe),QP,Production,1999,1999,5062.800293,,
CHN,China,BV,Beef and veal (cwe),QP,Production,2000,2000,5336.605469,,
CHN,China,BV,Beef and veal (cwe),QP,Production,2001,2001,5495.586914,,
CHN,China,BV,Beef and veal (cwe),QP,Production,2002,2002,5852.745117,,
CHN,China,BV,Beef and veal (cwe),QP,Production,2003,2003,5425.08252,,
CHN,China,BV,Beef and veal (cwe),QP,Production,2004,2004,5594.00293,,
CHN,China,BV,Beef and veal (cwe),QP,Production,2005,2005,5681.610352,,
CHN,China,BV,Beef and veal (cwe),QP,Production,2006,2006,5772.359863,,
CHN,China,BV,Beef and veal (cwe),QP,Production,2007,2007,6139.085449,,
CHN,China,BV,Beef and veal (cwe),QP,Production,2008,2008,6134.519043,,
CHN,China,BV,Beef and veal (cwe),QP,Production,2009,2009,6351.917969,,
CHN,China,BV,Beef and veal (cwe),QP,Production,2010,2010,6531.15332,,
CHN,China,BV,Beef and veal (cwe),QP,Production,2011,2011,6464.195583,,
CHN,China,BV,Beef and veal (cwe),QP,Production,2012,2012,6571.820619,,
CHN,China,BV,Beef and veal (cwe),QP,Production,2013,2013,6740.064172,,
CHN,China,BV,Beef and veal (cwe),QP,Production,2014,2014,6836.834964,,
CHN,China,BV,Beef and veal (cwe),QP,Production,2015,2015,6963.8194,,
CHN,China,BV,Beef and veal (cwe),QP,Production,2016,2016,6969.985292,,
CHN,China,BV,Beef and veal (cwe),QP,Production,2017,2017,7113.549715,,
CHN,China,BV,Beef and veal (cwe),QP,Production,2018,2018,7241.52772,,
CHN,China,BV,Beef and veal (cwe),QP,Production,2019,2019,7379.224274,,
CHN,China,BV,Beef and veal (cwe),QP,Production,2020,2020,7488.452948,,
CHN,China,BV,Beef and veal (cwe),QP,Production,2021,2021,7551.122324,,
CHN,China,BV,Beef and veal (cwe),QP,Production,2022,2022,7706.105854,,
CHN,China,BV,Beef and veal (cwe),QP,Production,2023,2023,7816.835061,,
CHN,China,BV,Beef and veal (cwe),QP,Production,2024,2024,7934.089762,,
IND,India,BV,Beef and veal (cwe),QC,Consumption,1985,1985,1913.439697,,
IND,India,BV,Beef and veal (cwe),QC,Consumption,1986,1986,1942.219971,,
IND,India,BV,Beef and veal (cwe),QC,Consumption,1987,1987,1992.729492,,
IND,India,BV,Beef and veal (cwe),QC,Consumption,1988,1988,2011.929077,,
IND,India,BV,Beef and veal (cwe),QC,Consumption,1989,1989,2029.198486,,
IND,India,BV,Beef and veal (cwe),QC,Consumption,1990,1990,2050.963623,,
IND,India,BV,Beef and veal (cwe),QC,Consumption,1991,1991,2059.2771,,
IND,India,BV,Beef and veal (cwe),QC,Consumption,1992,1992,2091.778564,,
IND,India,BV,Beef and veal (cwe),QC,Consumption,1993,1993,2080.769287,,
IND,India,BV,Beef and veal (cwe),QC,Consumption,1994,1994,2075.365234,,
IND,India,BV,Beef and veal (cwe),QC,Consumption,1995,1995,2041.20813,,
IND,India,BV,Beef and veal (cwe),QC,Consumption,1996,1996,2053.351807,,
IND,India,BV,Beef and veal (cwe),QC,Consumption,1997,1997,2044.226196,,
IND,India,BV,Beef and veal (cwe),QC,Consumption,1998,1998,2071.752197,,
IND,India,BV,Beef and veal (cwe),QC,Consumption,1999,1999,2063.098633,,
IND,India,BV,Beef and veal (cwe),QC,Consumption,2000,2000,1948.999878,,
IND,India,BV,Beef and veal (cwe),QC,Consumption,2001,2001,1999.848633,,
IND,India,BV,Beef and veal (cwe),QC,Consumption,2002,2002,1951.859985,,
IND,India,BV,Beef and veal (cwe),QC,Consumption,2003,2003,1862.576904,,
IND,India,BV,Beef and veal (cwe),QC,Consumption,2004,2004,1854.286011,,
IND,India,BV,Beef and veal (cwe),QC,Consumption,2005,2005,1775.05603,,
IND,India,BV,Beef and veal (cwe),QC,Consumption,2006,2006,1760.850952,,
IND,India,BV,Beef and veal (cwe),QC,Consumption,2007,2007,1800.307007,,
IND,India,BV,Beef and veal (cwe),QC,Consumption,2008,2008,1844.38208,,
IND,India,BV,Beef and veal (cwe),QC,Consumption,2009,2009,1946.614868,,
IND,India,BV,Beef and veal (cwe),QC,Consumption,2010,2010,1668.562012,,
IND,India,BV,Beef and veal (cwe),QC,Consumption,2011,2011,1380.277954,,
IND,India,BV,Beef and veal (cwe),QC,Consumption,2012,2012,1280.705078,,
IND,India,BV,Beef and veal (cwe),QC,Consumption,2013,2013,1104.335938,,
IND,India,BV,Beef and veal (cwe),QC,Consumption,2014,2014,1079.940796,,
IND,India,BV,Beef and veal (cwe),QC,Consumption,2015,2015,1094.859812,,
IND,India,BV,Beef and veal (cwe),QC,Consumption,2016,2016,1112.548712,,
IND,India,BV,Beef and veal (cwe),QC,Consumption,2017,2017,1119.240678,,
IND,India,BV,Beef and veal (cwe),QC,Consumption,2018,2018,1132.909628,,
IND,India,BV,Beef and veal (cwe),QC,Consumption,2019,2019,1149.538469,,
IND,India,BV,Beef and veal (cwe),QC,Consumption,2020,2020,1160.911365,,
IND,India,BV,Beef and veal (cwe),QC,Consumption,2021,2021,1169.397711,,
IND,India,BV,Beef and veal (cwe),QC,Consumption,2022,2022,1180.370203,,
IND,India,BV,Beef and veal (cwe),QC,Consumption,2023,2023,1194.02318,,
IND,India,BV,Beef and veal (cwe),QC,Consumption,2024,2024,1207.510889,,
IND,India,SH,Sheepmeat(cwe),QP,Production,1985,1985,534.1546631,,
IND,India,SH,Sheepmeat(cwe),QP,Production,1986,1986,543.2952271,,
IND,India,SH,Sheepmeat(cwe),QP,Production,1987,1987,590.1774902,,
IND,India,SH,Sheepmeat(cwe),QP,Production,1988,1988,597.0209961,,
IND,India,SH,Sheepmeat(cwe),QP,Production,1989,1989,604.0216675,,
IND,India,SH,Sheepmeat(cwe),QP,Production,1990,1990,609.7420654,,
IND,India,SH,Sheepmeat(cwe),QP,Production,1991,1991,617.1026611,,
IND,India,SH,Sheepmeat(cwe),QP,Production,1992,1992,625.196167,,
IND,India,SH,Sheepmeat(cwe),QP,Production,1993,1993,634.664856,,
IND,India,SH,Sheepmeat(cwe),QP,Production,1994,1994,635.9136963,,
IND,India,SH,Sheepmeat(cwe),QP,Production,1995,1995,662.9905396,,
IND,India,SH,Sheepmeat(cwe),QP,Production,1996,1996,671.5169678,,
IND,India,SH,Sheepmeat(cwe),QP,Production,1997,1997,680.1877441,,
IND,India,SH,Sheepmeat(cwe),QP,Production,1998,1998,687.5812988,,
IND,India,SH,Sheepmeat(cwe),QP,Production,1999,1999,693.7850952,,
IND,India,SH,Sheepmeat(cwe),QP,Production,2000,2000,695.9727783,,
IND,India,SH,Sheepmeat(cwe),QP,Production,2001,2001,699.1061401,,
IND,India,SH,Sheepmeat(cwe),QP,Production,2002,2002,722.2978516,,
IND,India,SH,Sheepmeat(cwe),QP,Production,2003,2003,704.6920776,,
IND,India,SH,Sheepmeat(cwe),QP,Production,2004,2004,707.4876099,,
IND,India,SH,Sheepmeat(cwe),QP,Production,2005,2005,710.3886108,,
IND,India,SH,Sheepmeat(cwe),QP,Production,2006,2006,776.7839355,,
IND,India,SH,Sheepmeat(cwe),QP,Production,2007,2007,802.0952759,,
IND,India,SH,Sheepmeat(cwe),QP,Production,2008,2008,834.3708496,,
IND,India,SH,Sheepmeat(cwe),QP,Production,2009,2009,858.1774902,,
IND,India,SH,Sheepmeat(cwe),QP,Production,2010,2010,880.1027832,,
IND,India,SH,Sheepmeat(cwe),QP,Production,2011,2011,892.9137573,,
IND,India,SH,Sheepmeat(cwe),QP,Production,2012,2012,899.1046753,,
IND,India,SH,Sheepmeat(cwe),QP,Production,2013,2013,907.5463867,,
IND,India,SH,Sheepmeat(cwe),QP,Production,2014,2014,923.4724731,,
IND,India,SH,Sheepmeat(cwe),QP,Production,2015,2015,943.0271884,,
IND,India,SH,Sheepmeat(cwe),QP,Production,2016,2016,956.5709095,,
IND,India,SH,Sheepmeat(cwe),QP,Production,2017,2017,974.1760078,,
IND,India,SH,Sheepmeat(cwe),QP,Production,2018,2018,990.7906476,,
IND,India,SH,Sheepmeat(cwe),QP,Production,2019,2019,1011.893092,,
IND,India,SH,Sheepmeat(cwe),QP,Production,2020,2020,1032.538288,,
IND,India,SH,Sheepmeat(cwe),QP,Production,2021,2021,1052.422248,,
IND,India,SH,Sheepmeat(cwe),QP,Production,2022,2022,1072.764949,,
IND,India,SH,Sheepmeat(cwe),QP,Production,2023,2023,1091.274082,,
IND,India,SH,Sheepmeat(cwe),QP,Production,2024,2024,1107.660503,,
CHN,China,PK,Pigmeat (cwe),QP,Production,1985,1985,16740.18555,,
CHN,China,PK,Pigmeat (cwe),QP,Production,1986,1986,18165.17578,,
CHN,China,PK,Pigmeat (cwe),QP,Production,1987,1987,18549.10547,,
CHN,China,PK,Pigmeat (cwe),QP,Production,1988,1988,20386.21289,,
CHN,China,PK,Pigmeat (cwe),QP,Production,1989,1989,21435.08789,,
CHN,China,PK,Pigmeat (cwe),QP,Production,1990,1990,23021.2168,,
CHN,China,PK,Pigmeat (cwe),QP,Production,1991,1991,24725.0957,,
CHN,China,PK,Pigmeat (cwe),QP,Production,1992,1992,26561.6582,,
CHN,China,PK,Pigmeat (cwe),QP,Production,1993,1993,28741.18945,,
CHN,China,PK,Pigmeat (cwe),QP,Production,1994,1994,31432.64063,,
CHN,China,PK,Pigmeat (cwe),QP,Production,1995,1995,32178.04688,,
CHN,China,PK,Pigmeat (cwe),QP,Production,1996,1996,31757.25195,,
CHN,China,PK,Pigmeat (cwe),QP,Production,1997,1997,36134.18359,,
CHN,China,PK,Pigmeat (cwe),QP,Production,1998,1998,39003.07813,,
CHN,China,PK,Pigmeat (cwe),QP,Production,1999,1999,39050.52734,,
CHN,China,PK,Pigmeat (cwe),QP,Production,2000,2000,40468.52734,,
CHN,China,PK,Pigmeat (cwe),QP,Production,2001,2001,41804.73047,,
CHN,China,PK,Pigmeat (cwe),QP,Production,2002,2002,43470.42969,,
CHN,China,PK,Pigmeat (cwe),QP,Production,2003,2003,42526.51563,,
CHN,China,PK,Pigmeat (cwe),QP,Production,2004,2004,43574.99609,,
CHN,China,PK,Pigmeat (cwe),QP,Production,2005,2005,45701.84375,,
CHN,China,PK,Pigmeat (cwe),QP,Production,2006,2006,46647.92188,,
CHN,China,PK,Pigmeat (cwe),QP,Production,2007,2007,42999.90625,,
CHN,China,PK,Pigmeat (cwe),QP,Production,2008,2008,46332.54688,,
CHN,China,PK,Pigmeat (cwe),QP,Production,2009,2009,49039.27344,,
CHN,China,PK,Pigmeat (cwe),QP,Production,2010,2010,51201.20313,,
CHN,China,PK,Pigmeat (cwe),QP,Production,2011,2011,49615.80078,,
CHN,China,PK,Pigmeat (cwe),QP,Production,2012,2012,53448.606,,
CHN,China,PK,Pigmeat (cwe),QP,Production,2013,2013,55055,,
CHN,China,PK,Pigmeat (cwe),QP,Production,2014,2014,56710,,
CHN,China,PK,Pigmeat (cwe),QP,Production,2015,2015,56623.06273,,
CHN,China,PK,Pigmeat (cwe),QP,Production,2016,2016,57367.46752,,
CHN,China,PK,Pigmeat (cwe),QP,Production,2017,2017,58726.49491,,
CHN,China,PK,Pigmeat (cwe),QP,Production,2018,2018,59370.53788,,
CHN,China,PK,Pigmeat (cwe),QP,Production,2019,2019,59835.50762,,
CHN,China,PK,Pigmeat (cwe),QP,Production,2020,2020,60284.37262,,
CHN,China,PK,Pigmeat (cwe),QP,Production,2021,2021,60655.33267,,
CHN,China,PK,Pigmeat (cwe),QP,Production,2022,2022,60838.9609,,
CHN,China,PK,Pigmeat (cwe),QP,Production,2023,2023,61178.5311,,
CHN,China,PK,Pigmeat (cwe),QP,Production,2024,2024,61404.9638,,
IND,India,PT,Poultry meat (rtc),QP,Production,1985,1985,189.0746918,,
IND,India,PT,Poultry meat (rtc),QP,Production,1986,1986,209.5229797,,
IND,India,PT,Poultry meat (rtc),QP,Production,1987,1987,307.8641968,,
IND,India,PT,Poultry meat (rtc),QP,Production,1988,1988,313.2733765,,
IND,India,PT,Poultry meat (rtc),QP,Production,1989,1989,345.2909851,,
IND,India,PT,Poultry meat (rtc),QP,Production,1990,1990,391.6573792,,
IND,India,PT,Poultry meat (rtc),QP,Production,1991,1991,522.7661743,,
IND,India,PT,Poultry meat (rtc),QP,Production,1992,1992,540.6574097,,
IND,India,PT,Poultry meat (rtc),QP,Production,1993,1993,608.7962036,,
IND,India,PT,Poultry meat (rtc),QP,Production,1994,1994,625.65979,,
IND,India,PT,Poultry meat (rtc),QP,Production,1995,1995,644.0655518,,
IND,India,PT,Poultry meat (rtc),QP,Production,1996,1996,662.1459961,,
IND,India,PT,Poultry meat (rtc),QP,Production,1997,1997,665.2017822,,
IND,India,PT,Poultry meat (rtc),QP,Production,1998,1998,738.9472046,,
IND,India,PT,Poultry meat (rtc),QP,Production,1999,1999,811.1655273,,
IND,India,PT,Poultry meat (rtc),QP,Production,2000,2000,905.229187,,
IND,India,PT,Poultry meat (rtc),QP,Production,2001,2001,963.7545776,,
IND,India,PT,Poultry meat (rtc),QP,Production,2002,2002,1128.719604,,
IND,India,PT,Poultry meat (rtc),QP,Production,2003,2003,1249.808594,,
IND,India,PT,Poultry meat (rtc),QP,Production,2004,2004,1343.615845,,
IND,India,PT,Poultry meat (rtc),QP,Production,2005,2005,1440.814941,,
IND,India,PT,Poultry meat (rtc),QP,Production,2006,2006,1555.290405,,
IND,India,PT,Poultry meat (rtc),QP,Production,2007,2007,1791.512817,,
IND,India,PT,Poultry meat (rtc),QP,Production,2008,2008,1920.393433,,
IND,India,PT,Poultry meat (rtc),QP,Production,2009,2009,2124.679688,,
IND,India,PT,Poultry meat (rtc),QP,Production,2010,2010,2230.748047,,
IND,India,PT,Poultry meat (rtc),QP,Production,2011,2011,2245.092529,,
IND,India,PT,Poultry meat (rtc),QP,Production,2012,2012,2258.018311,,
IND,India,PT,Poultry meat (rtc),QP,Production,2013,2013,2454.139893,,
IND,India,PT,Poultry meat (rtc),QP,Production,2014,2014,2650.845459,,
IND,India,PT,Poultry meat (rtc),QP,Production,2015,2015,2786.244864,,
IND,India,PT,Poultry meat (rtc),QP,Production,2016,2016,2898.216095,,
IND,India,PT,Poultry meat (rtc),QP,Production,2017,2017,2980.195993,,
IND,India,PT,Poultry meat (rtc),QP,Production,2018,2018,3055.766373,,
IND,India,PT,Poultry meat (rtc),QP,Production,2019,2019,3133.990829,,
IND,India,PT,Poultry meat (rtc),QP,Production,2020,2020,3213.250922,,
IND,India,PT,Poultry meat (rtc),QP,Production,2021,2021,3293.17132,,
IND,India,PT,Poultry meat (rtc),QP,Production,2022,2022,3372.8126,,
IND,India,PT,Poultry meat (rtc),QP,Production,2023,2023,3448.368144,,
IND,India,PT,Poultry meat (rtc),QP,Production,2024,2024,3520.783884,,